1,107.74,15.85,59.02,46.71,19.4,66.62
0,107.12,15.4,58.23,46.7,18.64,66.98
1,111.09,15.62,60.48,47.86,18.26,67.49
0,109.88,15.07,60,47.01,17.66,65.21
1,110.31,15.03,60.55,47.56,16.82,65.44
1,110.08,14.9,59.78,47.39,16.86,65.33
0,108.53,14.5,58.65,46.97,16.53,64.34
0,110.98,14.67,59.53,46.98,16.475,63.8
0,111.4,14.28,59.82,47.75,16.46,63.65
0,113.46,14.51,59.97,48.32,16.56,63.8
0,113.65,14.13,60.16,48.24,16.68,64.13
0,113.87,13.94,60.01,48.56,16.95,64.04
1,115.39,13.96,60.61,47.74,16.95,64.55
0,114.31,13.85,60.81,47.74,16.64,65.22
1,117.95,13.97,60.85,48.2,16.71,66.4
1,117.1,13.86,59.94,48.71,16.75,66.26
0,116.81,14.01,60.28,48.79,16.46,65.41
0,116.86,14.08,57.5,49.54,16.45,66.53
0,117.25,14.18,57.47,50.45,16.3,66.16
1,118.18,14.19,57.53,50.61,16.19,66.79
0,117.33,14.5,57.36,50.21,16.17,67.46
1,117.88,14.63,57.12,50.34,16.15,67.41
0,116.79,15.2,56.7,50.23,16.09,66.14
0,117.35,15.48,57.11,49.96,16.09,65.74
1,117.7,15.6,57.89,50.1,16.26,66.16
1,115.02,15.69,57.91,50.23,16.215,67.13
1,114.31,15.62,57.85,50.46,16.19,67.47
1,113.7,15.63,57.74,50.32,16.17,66.88
1,113.4,15.43,57.29,50.69,15.96,66.8
1,113.06,15.68,57.27,51.77,15.7,67.21
1,112.71,15.46,57.405,51.84,15.59,67.28
0,112.46,15.47,57.57,52.43,15.26,67.8
0,113.16,15.46,57.81,51.84,15.38,68.31
1,113.69,15.4,57.88,52.31,15.36,68.56
1,113,15,56.93,52.31,15.01,68.74
0,111.64,15,57.08,52.45,15.4,69.18
1,114.42,15.1,57.87,52.3,15.53,69.79
1,114.35,14.98,57.92,52.15,15.69,71
1,113.85,14.63,57.51,51.37,15.71,69.93
0,113.05,14.64,57.35,51.6,15.74,70.1
1,115.19,14.58,57.27,51.89,15.55,69.68
1,115.12,14.74,57.63,51.89,15.66,69.11
1,113.86,14.19,56.15,51.49,15.64,68.68
1,108.73,14.18,56.39,51.59,15.67,68.83
1,107.51,14.35,56.5,52.05,15.67,69.05
0,102.65,13.85,56,51.75,15.65,68.71
0,104.64,14.52,56.79,53.13,15.91,69.78
0,107.25,14.6,57.63,53.6,15.77,70.75
0,107.83,14.63,57.47,53.5,15.72,70.65
1,107.9,14.54,57.78,53.09,16.05,71.83
1,107.7,14.61,57.67,52.8,15.94,71.88
1,106.14,14.39,57.01,52.14,16.15,71.23
0,105.66,14.34,57.65,52.22,16.21,71.11
0,105.8,14.43,57.98,52.58,15.87,71.05
0,106.62,14.41,58.18,52.36,15.81,70.59
1,107.41,14.37,58.28,52.64,15.61,70.83
0,107.39,13.64,57.88,52.53,15.42,70.24
0,108.565,14.67,57.8,52.55,15.37,70.4
0,108.59,14.43,57.9,52.655,15.26,70.67
1,108.86,14.36,57.6,52.58,15.2,70.15
0,108.77,14.46,57.43,52.89,15.13,70.12
1,109.23,14.52,57.42,52.95,15.11,70.31
0,109.1,14.4,57.54,52.9,15.16,69.45
1,109.63,14.46,57.61,53.5,14.97,69.9
1,108.14,14.31,58.01,53.66,14.97,70.03
0,107.78,14.29,58.03,53.96,14.77,69.88
0,108.52,14.2,58.03,53.81,14.83,70.67
1,108.71,14.28,58.16,53.82,15.16,70.06
1,108.23,14.29,58.17,53.6,15.11,70.67
1,107.52,14.3,58.055,53.64,15.08,71.36
1,106.27,14.24,57.65,53.94,14.75,71.58
1,105.58,14.33,56.8,54,14.48,71.51
0,104.81,14.05,56.68,54.16,14.11,71.32
1,106.05,13.92,56.85,54.45,14.28,71.41
1,104.41,14.06,56.6,55.58,14.52,71
1,104.19,13.91,56.26,54.99,14.56,70.65
0,102.83,13.95,56,55.2,14.57,70.82
1,104.265,14.26,56.61,54.95,14.57,68.5
0,96.82,14.16,56.52,55.85,14.32,68.47
0,98.25,14.1,56.47,56.1,14.31,67.8
0,99.26,14.01,56.08,55.44,14.26,67.32
0,99.83,14.13,55.98,55.53,14.43,67.54
1,100,14.15,56.15,55.58,14.35,68.16
1,99.56,13.93,53.71,55.96,14.06,67.18
0,98.7,13.85,53.7,55.87,13.84,68.66
1,98.92,13.89,53.95,56.05,13.78,67.6
0,97.39,13.89,53.84,55.62,13.73,67.64
1,97.41,13.73,53.56,55.58,13.5,67.64
1,97.17,13.47,52.94,55.75,13.41,66.7
1,96.75,13.17,52.5,55.75,13.29,66.23
1,96.49,13.05,51.73,55.39,13.28,65.42
1,95.7,12.66,51.42,56.1,12.865,64.85
0,94.6,12.26,50.78,56.21,12.52,64.64
0,95.39,12.62,50.83,56.32,12.93,63.72
1,95.49,12.55,51.13,55.85,13.19,64.71
1,94.44,12.27,50.72,55.27,13.37,64.42
1,93.97,11.97,49.91,54.92,13.07,63.19
0,92.9,11.67,48.92,54.76,12.57,61.75
1,93,12.11,49.1,54.06,12.77,62.36
0,92.91,12.41,49.81,54.47,13.05,62.16
0,95.94,12.83,51.28,54.4,13.84,63.31
1,96.25,12.81,51.08,54.23,13.6,63.09
0,94.94,13.13,50.2,53.89,13.615,62.96
0,96,13.28,50.64,54,13.74,64.61
1,96.62,12.98,50.41,53.43,13.38,64.59
0,96.45,12.94,49.52,52.84,13.23,64.28
1,97.82,13.09,49.78,52.97,13.38,64.87
0,97.32,13.01,49.9,52.37,13.56,64.85
1,98.69,13.27,49.58,52.5,13.64,65.28
1,98.53,13.71,51.05,51.86,13.98,65.09
0,98.5,13.78,52,51.64,14.32,65.16
0,99.02,13.69,52.02,51.51,14.35,64.86
1,99.25,13.7,52.24,50.6,14.54,65.11
1,97.99,13.43,51.99,51.06,14.44,65.01
1,97.79,13.47,52.38,50.77,14.46,64.9
0,97.6,13.39,52.64,50.47,14.95,65.28
0,99.02,13.32,52.44,50.87,14.6,65.5
1,99.6,13.12,52.26,50.88,15.03,65.75
0,99.44,13.02,51.92,50.39,14.76,65.34
1,99.68,12.5,51.93,49.85,14.98,65.38
1,98.67,12.24,51.92,49.63,14.83,65.68
1,97.22,11.68,50.7,49.36,14.6,64
1,95.87,11.66,50.6,49.66,14.54,63.5
0,94.64,11.48,50.48,49.8,14.64,63.41
1,94.64,11.47,50.47,50,14.595,62.84
0,94.16,11.58,50.48,50.92,14.02,62.3
1,94.55,11.59,51.72,51.2,13.89,63.73
1,92.39,11.53,50.8,50.77,13.82,63.52
0,90,11.53,51.44,51.41,14.15,64.09
0,92.72,11.78,51.2,51.22,14.3,63.76
1,93.48,11.62,51.13,51.48,14.25,64.43
1,93.33,11.48,50.33,51.38,14.08,64.33
0,93,11.58,50.49,51.22,14.08,64.03
0,93.37,11.4,49.92,50.91,13.83,63.17
0,94,11.67,49.87,50.99,14.15,62.69
1,95.2,11.65,49.84,50.48,14.09,61.95
1,94.2,12.05,50.34,51.11,14.51,62.09
0,93.965,12.26,50,51.22,14.58,61.74
0,93.99,12.49,49.35,50.95,14.73,62.58
1,97.61,12.74,50.62,51.3,14.92,63.59
0,96,12.66,51.48,50.46,15.02,65.09
0,103.91,12.59,52.26,50.98,15.02,64.21
0,105,12.55,51.78,50.53,15.02,63.75
0,105.01,12.52,51.91,50.15,14.865,63.7
1,106.93,12.78,55.8,50.56,14.98,63.98
0,106.64,12.82,56.29,52.15,14.56,64.13
0,107.88,12.7,56.63,51.8,14.26,64.3
0,108.89,12.48,55.49,51.37,13.85,64.03
1,112.11,12.57,55.3,51.28,14.27,63.82
1,111.62,12.56,55.22,51.28,13.71,63.37
1,110.8,12.34,55.12,52.07,13.55,63.44
1,109.34,12.2,54.37,51.66,13,63.65
1,108.97,12.1,54.49,52.36,12.92,64.17
0,108.91,12.09,54.67,52.2,13.03,64.4
0,109.95,12.21,54.87,52.52,13.15,64.68
1,110.23,12.03,54.36,53.616,13.2,64.81
0,109.51,12.1,55.19,54.38,13.3,65.15
1,110.42,12.24,55.43,54.03,13.54,66.39
0,108.78,12.21,55.05,53.32,13.47,66.12
1,109.72,12.3,54.95,54.01,13.49,65.39
1,108.65,12.34,54.93,54.17,13.49,66.03
0,104.89,12.03,53.66,53.51,13.54,64.67
1,106,12.06,54.21,53.56,13.73,64.34
0,105.47,11.98,53.84,52.74,13.41,65.35
1,106.48,12.24,54.11,53.13,13.77,64.61
0,105.25,12.09,53.61,53.42,13.67,64.1
0,105.93,12.14,53.25,53.19,13.8,64.25
1,106.34,11.78,54.92,53.81,13.68,65.87
1,105.52,11.62,54.21,53.28,13.22,66.64
1,104.61,11.41,53.45,52.67,13.51,66.5
1,103.96,11.43,52.75,52.24,13.51,66.57
0,101.91,11.63,52.71,52.55,13.72,65.71
1,102.24,11.52,53,52.65,13.44,65.48
1,101.41,11.39,52.93,52.55,13.23,64.8
1,101.31,11.09,51.89,52.55,13.17,65.41
0,100.78,11.2,50.8,52.05,13.4,63.86
1,102.39,10.99,51.56,51.53,13.45,64.77
1,102.37,11.15,52.4,51.75,13.76,65.25
1,100.58,10.97,52.97,52.14,13.38,64.56
1,100.51,10.93,52.41,51.37,13.2,64.99
1,97.65,10.84,50.97,50.99,12.64,63.82
0,96.86,10.64,51.35,50.86,12.7,63.96
1,97.2,10.44,52.6,51.15,12.49,64.73
1,96.05,10.16,51.73,50.9,12.14,63.88
0,93.98,10.28,50.69,50.27,11.96,62.25
1,96.4,10.61,52.34,50.97,12.47,64.47
1,96.31,10.44,52.28,51.02,12.38,64.17
0,96,10.49,51.97,50.74,12.22,62.53
1,98.84,10.13,52.33,50.12,12.71,63.19
1,96.67,9.88,51.49,50.41,12.57,61.89
1,95.02,9.56,50.9,50.24,12.38,62.55
1,94.19,9.09,50.25,49.54,11.48,61.46
0,93.79,9.14,48.68,49.6,11.46,59.33
1,95.92,9.24,49.89,50.19,12.42,61.93
1,94.29,9.29,49.02,50.06,11.99,59.97
0,93.13,9.76,49.55,50.6,12.67,58.65
1,96.52,9.83,51.94,50.32,13.32,60.28
1,95.86,9.6,52.1,50.37,12.89,61.73
0,95,9.81,53.25,50.25,13.28,62.54
0,95.42,9.83,54.17,50.61,13.74,61
1,96.47,9.65,54.88,49.94,14.05,61.96
1,94.79,9.58,54.73,49.39,13.66,59.45
0,93.79,9.75,51.86,49.06,13.59,57.98
0,96.04,9.64,52.01,48.29,13.2,58.74
0,99.93,9.54,51.79,47.13,13.07,57.09
1,101.52,9.79,51.94,47.08,13.54,57.54
1,98.63,10.13,51.41,46.41,13.65,56.66
1,97.06,9.61,51,45,13.67,56.35
0,95.1,9.55,49.98,44.38,13.79,56.49
1,98.41,10.27,51.48,44.74,14.69,57.21
0,96.2,10.18,51.31,44.04,14.41,55.83
0,97.96,10.6,52,44.22,15.01,56.09
0,100.32,10.83,53.8,45.11,15.47,57.77
1,100.55,10.76,52.76,45.24,15.54,57.89
1,98.97,10.66,52.51,45.11,15.26,56.53
0,98.55,10.83,52.37,45.66,15.94,57.47
0,98.68,11.05,52.7,45.12,15.73,56.37
0,100.56,11.52,54.32,45.49,16.19,56.69
1,105.75,11.65,54.93,46.2,16.52,56.59
0,102.61,11.58,54.32,45.67,16.45,56.9
0,107.01,11.83,56.04,46.52,17.01,58.77
1,108.58,11.91,56.47,47.2,17.2,59.29
0,106.96,11.67,56.29,46.98,17.25,59.54
0,107.59,11.7,55.35,46.62,17.22,58.03
1,109,11.75,55.86,46.91,17.32,58.05
0,107.27,11.75,55.7,46.51,17.16,58.34
1,107.4,11.4,54.99,46.2,17.05,56.85
0,107.28,11.6,54.88,45.73,16.98,56.49
0,108.91,11.83,55.77,45.9,17.19,56.05
1,112.02,12.28,56.36,46.49,17.8,56.81
0,111.07,12.27,55.54,45.93,17.65,57.1
0,111.94,12.22,55.66,45.52,17.02,56.56
0,112.18,12.3,54.33,44.84,16.76,54.81
0,115.19,12.14,54.71,44.995,16.97,55.11
0,116.04,12.12,55.39,45.47,17.15,56.26
1,117.64,12.08,55.37,45.58,17.11,58.07
0,117.52,11.92,55.47,45.67,17.39,57.04
1,118.98,12.21,55.79,45.46,17.79,58.7
0,115.29,12.15,54.12,44.74,17.44,56.98
0,116.55,11.97,55.49,44.88,17.68,58.71
0,117.05,12.61,55.32,45.45,17.88,58.93
1,118.75,12.63,54.41,45.51,17.52,58.89
0,117.99,12.58,54.54,45.25,17.48,58.94
0,118.29,12.54,53.8,44.84,17.46,58.62
1,119.21,13.17,54.09,45.11,17.51,58.49
0,117.33,14.07,53.92,44.75,17.26,58.62
1,119.27,14.31,54.25,45.31,17.62,59.79
1,119.2,13.84,54.25,45.96,17.81,59.36
1,117.64,13.67,53.99,45.44,17.78,58.28
1,115.76,13.43,53,45.08,17.43,57.59
1,114.92,13.41,53.17,45.01,17.5,57.12
0,111.38,13.15,53.08,44.26,17.13,56.41
0,115.2,13.36,53.07,44.73,17.13,57.34
0,116.26,13.79,53.48,45.02,17.58,57.97
0,116.37,14.13,53.7,45.36,17.99,58.49
0,116.9,13.87,54.07,45.27,17.63,57.47
0,120.96,14.25,54.55,45.53,18.03,58.11
0,121.11,13.96,54.085,45.99,17.84,58.69
0,121.85,14.21,54.49,46.2,17.03,58.15
1,123.13,14.25,54.18,46.58,17.3,59.25
1,120.79,13.73,52.93,46.7,17.01,59.78
0,119.87,12.47,52.85,47.02,16.9,58.25
1,120.99,12.544,53.32,46.43,17.18,59.25
1,118.7,12.7799,53.54,46.49,17.16,59.02
1,116.93,12.729,53.54,46.44,16.45,58.97
0,115.4,12.914,53.99,46.19,16.4,58.16
1,118.08,13.3858,52.53,46.32,16.52,58.93
1,116.7,13.4043,52.3,46.14,16.29,59.12
1,114.33,13.1176,47.53,44.98,16,55.33
1,114,13.2239,47.92,45.44,16.26,56.05
1,111.34,13.3303,47.44,44.92,16.16,55.39
0,110.8,13.2286,47.42,44.48,16,54.77
1,111.78,13.3581,47.02,44.92,16.285,55
0,110.93,13.4321,47.01,44.24,15.81,53.82
1,111.29,13.4737,46.65,44.26,15.77,53.76
0,110.82,13.4228,46.56,44.14,15.45,53.81
1,112.73,13.5107,46.98,44.18,15.6,53.18
0,110,13.4783,47.45,44.28,15.75,53.82
0,110.19,12.9464,46.56,43.68,15.72,53.16
1,111.74,13.0019,47.1,43.78,15.78,53.75
1,110.63,12.5579,46.33,44,15.68,53.59
1,109.88,12.1879,45.745,43.24,15.45,53.11
0,108.01,11.5681,44.27,42.55,15.08,51.67
0,109.07,11.8039,44.75,43.49,15.52,53.46
0,110.17,11.5958,43.88,43.83,15.55,52.43
0,112.83,11.3229,43.37,43.78,15.5,52.03
0,113.85,11.3275,43.83,44.01,15.79,53.3
1,116.44,11.7531,44.48,44.32,15.88,52.45
0,113.25,11.6467,43.45,43.79,15.535,51.61
1,113.63,11.8641,43.93,44.36,15.6,51
0,113.38,11.9751,43.38,44.43,15.49,50.49
1,113.67,12.1092,43.62,44.62,15.67,50.86
0,112.21,12.7198,43.5,45.16,15.68,50.15
0,115.66,12.8493,44.29,45.4,16.29,51.84
1,116.25,12.8354,43.97,46.44,16.35,51.49
0,115.93,12.47,43.19,45.92,16.04,51.72
1,116.58,12.5764,43.43,45.78,15.97,51.76
1,111.79,12.5718,43.14,45.44,15.99,51.18
0,110.27,12.5764,43.12,45.37,15.87,50.89
1,113.76,12.9002,44.21,46.25,16.37,52.41
1,111.65,12.6874,43.3,45.58,15.96,51.06
0,108.97,12.6828,42.81,45.35,15.79,50.69
1,112.49,12.9649,43.41,45.63,15.97,50.99
1,110.23,13.0204,42.36,45.5,15.82,50.63
0,110.15,12.6689,42.17,45.09,15.95,50.09
0,112.03,12.8632,43.56,45.95,16.33,51.13
0,112.17,12.8123,43.4,46.06,16.4,51.11
1,112.23,12.6689,43.23,45.78,16.38,50.24
0,107.085,12.1925,42.01,44.38,15.81,50.13
1,111.11,12.5718,42.565,45.76,16.2,50.88
0,94.87,11.8456,40.45,44.35,15.02,49.08
0,110.43,12.4654,45.3,46.45,16.195,52.65
0,114.08,12.7244,46.07,47.05,17.19,53.46
0,116.1,13.0389,46.78,47.39,17.55,54.06
1,116.43,13.1129,46.84,47.56,17.72,54.28
1,116.04,13.1823,46.81,47.28,17.61,54.05
0,114.32,13.1592,46.53,47.62,17.57,53.63
1,116.04,13.4136,47.06,47.77,17.56,53.08
0,112.53,13.4552,46.19,47.3,17.62,52.76
1,117.81,13.8484,46.82,47.54,17.85,53.32
1,116.53,13.631,46.95,46.52,17.87,53.34
0,114.58,13.8854,46.39,46.57,17.92,52.53
1,115.97,14.0611,47.71,46.59,17.91,52.72
0,112.95,13.8854,47.98,46.9,17.93,51.58
0,117.42,13.8992,46.75,47.02,17.79,51.1
0,121.5,14.149,46.98,47.18,17.91,50.69
1,122.6,14.2045,47.29,46.85,18.03,51.58
0,122.32,13.9779,46.26,46.66,18.2,50.89
0,123.15,13.9779,45.4,46,17.95,50.58
1,123.38,14.112,45.58,45.99,17.79,51.31
0,123.09,14.1028,45.94,45.94,17.66,51.76
0,125.32,14.4219,45.91,46.44,18.2,51.65
1,126.2,14.3479,45.27,46.46,18.39,50.89
0,121.99,14.0704,45.44,46.79,18.03,50.97
1,132.85,13.9455,46.78,46.98,18.11,51.75
1,130.97,14.0611,46.65,47.63,18.15,51.79
1,129.08,14.0334,46.55,47.78,17.96,51.72
1,127.74,14.1675,46.01,47.48,17.91,51.56
0,125.72,14.1305,45.68,47.48,17.53,51.06
1,126.04,14.186,45.45,47.19,16.93,50.67
1,125.03,14.3109,44.975,47.38,16.97,50.97
0,121.94,14.2461,45.01,46.84,16.795,50.17
0,123.85,14.2138,44.75,47.01,16.53,48.64
0,124.48,14.1028,44.44,46.58,16.42,48.57
1,125.89,14.1166,44.34,47.22,16.9,48.69
0,124.94,14.0519,43.96,47.06,16.78,49.08
0,126.43,14.1999,44.48,47.23,17.16,49.08
1,126.9,14.0288,44.46,46.64,17.25,48.8
1,125.57,13.9085,44.71,47.14,17.08,48.87
0,125.46,14.0288,45.04,47.28,17.13,49.31
0,127.67,14.1444,45.65,47.59,17.48,50.02
1,128.86,14.6671,46.03,47.63,17.57,49.88
0,127.21,14.593,45.67,47.6,17.53,50.48
0,127.48,14.7503,46.13,47.86,17.56,50.78
0,127.49,14.7827,46.33,47.63,17.36,50.63
1,127.71,14.7827,46.79,47.65,17.28,50.89
0,127.23,14.9168,46.22,47.42,17.35,51.37
1,127.72,14.6624,45.73,47.5,17.59,50.6
1,127.03,14.6717,45.35,46.99,17.46,50.3
0,126.1,14.9261,45.45,47.14,17.33,50.44
0,128.185,15.0232,46.22,47.75,17.45,51.04
1,129.18,15.236,46.66,47.61,17.62,50.96
1,127.92,15.1065,45.79,47.56,17.39,50.17
0,126.7,15.1065,45.76,47.47,17.05,50.15
0,128.9,15.1573,46.3,47.25,17.27,50.58
0,129.5,15.4164,46.31,47.96,17.04,51.31
0,129.58,15.5135,46.79,47.88,16.87,51.76
1,130.66,15.7309,47.37,49.15,16.79,51.82
0,129.86,15.569,46.93,49.22,16.52,51.53
0,131.2,15.4534,47.06,49.44,16.58,52.05
0,131.23,15.5505,47.43,49.5,16.66,52.29
1,131.86,15.5921,47.5,49.47,16.72,51.73
0,130.34,15.5551,46.82,49.45,16.56,51.99
1,132.6,15.9437,46.83,49.58,16.73,52.5
1,131.6,15.8511,47.3,49.76,16.72,52.14
1,130.07,15.31,47.28,49.68,16.71,51.72
0,130,15.4534,47.39,49.57,16.78,52.2
1,130.69,15.3747,47.56,49.53,16.59,52.38
0,128.38,15.4904,47.98,49.78,16.31,51.23
1,129.07,15.5412,48.87,50.01,16.52,51.62
1,127.41,15.4996,48.03,49.9,16.53,51.08
1,126.15,15.2683,48.19,49.64,16.44,50.49
0,125.6,15.4117,46.85,49.4,16.46,50.66
1,127.39,15.4487,47.55,50.14,16.45,50.63
1,126.68,15.347,47.55,50.19,16.32,50.28
0,124.77,15.0093,46.27,49.6,16.23,48.93
0,126.56,15.3516,47.57,50.07,16.36,49.43
0,128.15,15.4672,47.82,50.69,16.42,49.54
1,129.5,15.6338,48.37,50.42,16.14,49.22
0,126.1,15.3562,48.58,50.75,16,48.84
0,127.5,15.4071,48.7,50.47,16,48.89
0,130.16,15.3285,48.72,50.45,15.6,49.34
1,134.455,15.3516,47.78,50.34,15.58,48.29
1,132.31,15.4441,47.23,50,15.63,48.63
1,130.49,15.6106,45.66,49.94,15.71,49.35
1,128.3,15.3562,42.89,49.62,15.72,48.72
0,126.99,15.4025,42.67,49.46,15.55,48.75
1,128.1,15.4904,43,48.97,15.6,48.38
1,125.57,15.0926,41.73,49.15,15.62,48.68
0,125.55,15.0602,41.67,48.98,15.71,49.58
0,126.28,15.2406,41.95,49.26,15.64,49.43
0,126.41,15.1388,41.76,49.15,15.7,49.7
0,127,15.1203,41.8,49.2,15.88,50.22
1,128.37,14.8521,41.4,49.27,15.78,50.47
1,125.95,14.6439,41.63,49.04,15.69,50.11
0,125.85,14.593,41.25,48.91,15.63,49.86
0,125.85,14.5699,41.46,48.75,15.51,49.97
1,127.64,14.6763,41.61,49.81,15.53,50.68
0,124.47,14.371,40.34,49.54,15.39,49.62
1,125.03,14.4774,40.66,48.89,15.43,50.41
0,124.82,14.7318,40.6,48.45,15.42,50.64
1,126.09,14.4728,40.78,49.09,15.5,50.63
0,124.05,14.7457,41.1,48.73,15.42,49.83
1,124.57,14.8983,41.12,48.48,15.48,49.38
0,122.76,14.7596,41.22,48.62,15.385,49.01
0,126.54,15.458,42.92,49.38,15.63,50.11
1,127.23,15.458,42.78,49.54,15.73,50.21
0,127.12,15.4025,42.88,49.78,15.82,50.4
0,128.25,15.199,42.56,49.34,15.695,50.61
1,128.75,15.236,42.26,49.23,15.96,49.35
1,127,14.9677,41.43,48.75,16.01,50.63
1,125.9,14.9307,41.37,49.01,16.07,50.55
0,123.88,14.9862,41.47,48.96,16.11,50.62
1,124.4,15.0741,40.7,48.5,16.08,50.06
0,122.31,14.63,41.33,47.94,16.05,49.45
0,124.75,15.2545,42.31,47.57,15.92,49.6
0,126.41,15.3609,42.35,48.11,16.04,50.31
0,127.96,15.2776,42.19,48.26,16.31,50.26
0,128.4,15.6338,43,48.49,16.41,50.66
0,128.58,15.8558,43.07,49.18,15.92,51.04
1,129.1,15.9298,43.01,49.56,15.96,50.51
0,128.96,16.1518,43.56,49.49,16.03,50.9
0,129.25,16.1425,43.67,49.12,15.79,50.37
1,130,15.717,44.13,49.22,15.78,50.51
0,128.785,15.9575,43.99,49.06,16.42,50.76
0,131.56,16.3553,43.95,49.32,16.37,50.65
1,132.94,17.6874,44.15,48.67,16.27,50.78
1,130.02,17.7984,43.7,48.94,16.32,50.92
1,128.62,17.7337,43.51,48.84,16.14,50.25
1,128.48,17.6458,43.18,48.74,16.21,49.62
1,127.625,17.8447,43.63,49.22,16.55,49.68
1,127.49,17.8308,43.97,48.95,16.525,49.51
1,127.28,17.7105,43.38,49.43,16.73,49.84
1,126.06,17.7799,42.66,49.86,16.41,49.29
1,122.77,17.5255,42.65,49.39,16.33,48.53
1,120.17,17.5255,42.74,49.25,16.56,48.71
0,118.55,17.4978,42.24,49.05,16.35,49
0,120.02,17.5487,42.68,48.25,16.3,48.63
1,120.02,17.5625,42.22,48.05,15.98,47.78
0,118.5,17.396,41.94,47.67,15.79,46.92
1,118.5,16.9751,41.63,47.25,15.62,46.98
0,118.05,16.7716,40.59,46.2,15.27,45.61
1,118.4,17.3081,41.55,45.83,15.23,45.12
0,116.32,17.2526,40.93,46,15.31,45.27
1,117.625,17.4978,42.74,46.83,15.72,46.08
0,112.42,17.3266,42.95,46.66,15.55,46.16
1,113.74,18.3812,47,46.98,15.72,46.46
1,112.3,18.483,47.36,47.85,16.04,46.46
1,110.26,18.0019,46.38,48.12,15.55,45.69
1,108.95,17.7707,45.94,47.89,15.28,45.74
1,107.84,17.7799,46.3,48.14,15.59,46.6
0,107.03,17.5209,45.31,47.13,15.16,45.73
1,110,18.2517,46.22,47.26,15.59,45.67
0,109.04,18.2656,45.96,46.88,16,46.15
0,111.43,18.483,46.97,47.48,16.82,47.55
0,112.6,18.816,47.42,47,17.025,48.39
1,112.67,18.89,47.61,47.23,17.38,49.21
1,109.23,18.557,46.75,46.42,17.16,48.49
1,107.2,18.2887,45.98,46.92,17.14,47.89
0,106.54,18.4414,46.38,46.79,17.42,47.76
0,108.29,18.409,46.37,47.08,17.785,47.62
0,111.39,18.5292,46.66,47,17.99,48.22
0,112.82,18.8484,46.73,47.08,18.19,48.88
0,113.64,18.7651,47.44,47.52,18.04,48.82
1,113.79,18.7698,47.7,47.62,17.97,48.68
0,112.1,18.7466,48.41,47.9,18.02,48.79
0,112.58,18.7189,48.64,47.67,17.965,49.29
1,113.23,18.4737,48.37,47.72,17.83,49.52
0,112.16,18.4922,47.78,47.09,17.65,48.39
1,112.26,18.3997,47.63,46.97,17.49,48.24
1,111.87,18.0806,46.58,47.35,17.47,47.02
1,107.12,17.5949,45.05,45.4,16.87,45.99
0,106.37,17.2156,45.9,45.25,16.74,46.51
1,110.7,17.5995,47.2,46.06,17.3,46.24
0,110.46,17.6735,46.78,46.01,17.37,46.5
0,112.26,17.2526,47.08,46.42,17.44,45.91
1,114.41,17.3683,47.58,46.95,17.48,45.98
0,110.19,17.3636,47.11,47.5,17.175,46.9
0,114.1,17.9233,48.26,48.77,17.66,46.09
1,115.99,18.0898,48.82,48.68,17.41,46
1,115.77,18.0621,48.39,48.73,17.24,45.64
1,115.75,17.9372,48.44,49.02,17.1,45.08
0,113.5,17.7383,48.84,49.8,16.87,44.48
0,118.81,17.8077,47.88,50.68,16.92,44.85
1,119.27,17.9233,47.95,50.2,17.07,44.82
0,117.94,17.2896,47.49,49.37,17.12,44.57
1,119.07,17.3451,47.66,49.34,17.23,44.63
0,116.85,17.3636,47.99,49.55,17.16,44.28
1,117.51,17.2388,49.02,50.53,17.15,44.56
0,114.91,17.1231,48,50.41,16.96,43.69
1,115.44,17.3498,48.66,51,17.145,43.91
0,113.94,17.4053,49.13,51.42,17.07,43.81
1,114.27,16.9844,49.41,51.41,17.06,43.72
1,113.15,16.8549,49.74,51.26,17.165,43.7
1,111.8,16.9289,48.81,50.66,17.285,44.13
1,109.38,16.9566,48.56,50.35,17.24,44.09
0,108.7,17.0676,48.85,50.94,17.37,44.01
1,109.02,16.8919,48.65,50.72,17.36,43.72
1,108.75,16.7716,48.92,50.33,17.31,44.14
0,108.6,16.6652,47.86,50.37,17.34,43.85
0,109.1,16.73,47.8,50.69,17.32,44.04
1,109.36,16.6467,47.301,50.41,17.22,43.55
1,108.22,16.6652,46.89,50.49,17.18,43.11
1,108.01,16.5357,46.94,50.42,17.17,43
1,106.959,16.4478,46.32,49.63,16.96,42.39
1,106.65,16.4339,46.44,50.05,16.77,42
1,105.4,16.3831,45.86,49.7,16.62,41.26
0,104.85,16.1657,45.71,48.78,16.68,40.59
1,105.18,16.1888,46.83,48.22,16.63,40.45
1,104.08,16.0639,44.62,48.58,16.58,41.33
0,102.84,16.0639,45,48.69,16.59,41.19
1,103.02,15.8511,44.36,48.09,16.43,40.86
1,98.315,15.273,43.06,48.06,16.2,40.21
1,97.5,15.8465,43.2,47.8,16.25,40.09
0,95.55,14.6856,42.53,47.41,15.61,39.46
0,97.97,15.0787,43,47.74,16.23,39.19
0,100.39,15.1203,43.87,48.48,16.51,40.16
1,101.33,15.3655,43.82,49.05,16.48,41.23
0,100.69,15.8188,45.6,49,16.52,41.61
1,101.54,16.5542,46.5,49.78,17.04,42.03
0,98.76,16.1379,45.48,49.15,16.88,41.29
0,99.43,16.8872,45.86,49.99,17.18,41.85
1,99.95,17.1601,46.12,49.95,17.37,42.78
1,99.44,16.0315,45.98,49.7,17.11,42.31
0,99.27,16.0084,45.83,49.7,16.86,42.36
0,100.59,16.3692,46.27,49.73,17.07,42.43
1,100.81,16.2767,46.37,49.67,17.08,42.43
1,98.65,16.2119,45.98,49.62,16.91,42
0,98.53,16.2952,45.93,49.57,16.91,41.83
0,100.51,16.6421,46.88,50.1,17.155,42.78
1,102.16,16.545,46.63,49.98,17.12,42.56
0,100.6,16.7901,46.85,50.09,17.05,43.26
0,101.8,17.2018,47.3,50.11,17.09,43.78
1,102.29,17.1925,46.81,50.04,17.15,43.83
1,101.93,16.9427,46.59,49.48,16.88,44.02
1,101.27,16.804,46.26,49.05,16.71,44.04
0,99.8,16.7623,46.39,48.54,16.67,43.56
1,102.81,16.9011,46.54,48.49,16.795,43.77
1,101.21,17.0029,46.91,49,16.62,43.34
1,100.41,17.1139,46.74,48.65,16.32,43.05
0,98.01,17.0815,46.82,49.03,16.155,42.92
0,99.08,17.1694,46.47,49.42,16.25,43.16
1,99.3,17.2295,46.02,49.87,16.19,43.02
0,98.8,17.3868,45.11,49.73,16.05,43.12
0,98.85,17.5995,44.74,49.93,16.095,43.51
1,103.1,17.6365,44.53,49.94,16.27,43.72
1,103.06,17.5764,45.43,49.82,16.14,43.8
1,102.86,17.5903,45.09,49.43,16.045,43.89
1,101.59,17.5302,44.75,49.38,16.095,43.47
0,101.02,17.4839,44.9,49.29,16.37,43.63
0,101.42,17.2249,45.31,49.21,16.34,43.51
1,101.79,17.1092,45.4,48.68,16.27,42.99
0,100.29,17.0445,45.35,48.83,16.16,42.65
1,100.57,16.3692,44.84,48.86,15.69,42.65
1,100.44,16.5218,45.34,48.82,15.41,42.44
1,99.41,16.4247,44.97,49.03,15.52,42.31
1,98.49,16.4247,44.94,49.05,15.28,42.32
1,97.9,16.5265,44.58,48.9,15.34,42.32
1,97.33,16.3276,44.08,49.02,15.26,42.11
1,96.15,16.3091,43.68,49,15.25,40.91
1,96.04,16.3183,43.04,48.8,15.18,41.81
1,95.27,16.3877,43.26,48.89,15.26,41.8
0,94.26,16.0824,43.23,48.73,15.08,41.66
1,94.93,16.2906,42.84,49.16,15.44,41.88
0,94.75,16.0362,42.74,49.4,15.14,41.66
0,95.36,16.2397,43.31,50.15,15.01,42.01
1,96.37,16.3183,42.97,50.04,15.065,41.97
0,94.9,16.3414,43.21,50.52,15.18,42.2
0,97.16,16.5265,43.38,51.26,15.44,42.58
0,98.44,16.6513,44.07,51.94,15.43,43.05
1,99.33,16.5172,43.91,53.19,15.52,42.7
1,97.82,16.3738,44.36,51.26,15.585,42.36
0,96.85,16.0778,44.3,51.07,15.585,42.18
1,97.035,16.2489,44.93,50.96,15.56,41.34
1,95.42,16.2674,45.45,50.98,15.52,41.42
0,94.68,15.9807,45,50.98,15.59,41.1
1,94.99,16.087,44.56,50.82,15.42,40.91
0,93.62,15.9668,44.65,50.62,15.27,40.74
0,95.03,16.0454,45.45,50.79,15.45,40.16
1,96.97,15.9205,42.51,50.89,15.66,39.95
1,96.8,15.8881,42.33,50.57,15.75,40.27
1,95.86,15.8188,42.22,50.44,15.62,39.62
1,95.36,15.6939,41.7,49.85,15.39,38.54
0,93.76,15.4672,41.37,48.59,15.33,38.72
0,95.44,15.5181,41.98,48.99,15.62,38.96
1,96.27,15.6708,41.87,49.01,15.82,39.62
1,94.14,15.6846,41.75,49.61,15.99,39.82
0,93.67,15.7448,41.91,49.9,16.07,39.68
1,93.865,15.8234,41.73,49.52,15.78,39.23
1,93.52,15.6939,41.86,48.88,15.38,38.8
1,92.1,15.6754,42.17,49.27,15.31,38.12
1,90.82,15.6661,41.61,49.17,15.38,38
1,90.37,15.6153,41.93,49.41,15.44,37.42
0,90.21,15.6569,41.7,49.14,15.45,37.66
0,90.75,15.976,41.83,49.74,15.555,38.55
0,91.32,15.902,41.73,49.36,15.47,37.79
0,91.85,15.9714,41.445,49.75,15.63,37.55
1,92.29,16.0454,41.57,49.42,15.66,37.87
0,92.27,16.161,41.605,49.01,15.63,37.3
1,92.31,16.1425,41.29,49.19,15.265,36.51
0,91.51,16.2166,41.04,49.23,15.3,36.74
0,92.2,15.7263,41.1,48.93,15.46,36.75
0,94.04,15.606,40.81,49.27,15.57,36.54
0,94.13,15.4765,40.93,49.35,15.69,36.89
1,94.73,15.5551,41.03,49.45,15.78,37.64
0,92.7,15.5829,41.39,49.23,15.6,37.58
1,92.8428,15.6523,41.48,49.45,15.45,37.95
1,92.3143,15.5921,40.59,49.21,15.28,37.92
1,91.0628,15.5181,40.21,49.32,15.19,38.02
0,89.78,15.458,40.6,49.75,15.2,37.61
0,90.5657,15.4349,40.95,50.02,15.16,37.95
1,91.14,15.5227,40.45,49.55,15.12,37.49
1,89.6928,15.458,40.15,49.8,15.12,37.5
1,89.4314,15.2869,40.14,49.49,15.27,37
1,87.9828,15.495,40.26,49.97,15,36.59
1,86.75,14.9446,40.37,49.47,14.71,36.45
1,86.6571,15.0093,40.29,49.3,14.58,36.23
0,86.2614,15.2545,39.8,48.9,14.59,35.91
1,86.3585,15.3285,39.68,49.36,14.65,36.27
1,85.4071,15.0556,39.61,49.13,14.425,35.86
0,84.09,14.9723,39.67,48.71,14.51,36.13
1,84.9571,15.2498,40.09,47.85,14.82,36.51
1,84.6328,15.3239,40.3,48,14.99,36.56
1,84.5714,15.2267,39.92,48.32,15.04,36.77
1,83.9271,14.9862,39.74,48.59,14.79,36.67
0,83.5057,14.9076,39.54,48.36,14.95,36.37
0,84.0357,14.9353,39.34,48.07,14.85,36.84
0,85.0357,14.9584,39.22,47.52,14.86,36.39
1,85.9714,15.0232,39.29,47.36,15.03,36.65
0,84.3057,14.9353,39.52,47.14,15.075,36.44
1,84.62,15.1435,40.31,46.96,15.18,36.93
0,84.5714,15.3192,40.24,46.63,15.14,36.95
0,84.6628,15.162,40.4,46.7,15.26,36.63
1,84.82,15.1342,41.1,46.67,15.04,36.28
1,81.8285,14.6393,40.14,46.22,15.33,36.25
0,80.6471,14.7226,40.29,46.08,16.1,36.46
1,81.1728,14.7734,39.74,47.4,16.43,34.86
1,75.58,14.7272,39.99,47.3,16.3,36.46
1,75.4728,14.7503,39.96,47.99,16.09,36.02
1,75.0485,14.8197,40.13,47.77,16.15,35.04
1,74.2857,14.9353,40.01,46.87,16.14,34.81
0,74.0071,15.0787,40.06,47.03,16.2,34.38
0,74.3243,15.2591,39.34,47.26,16.09,34.36
1,74.5571,15.0787,39.11,47.26,16.05,34.8
0,74.1428,15.0648,39,47.35,15.86,34.81
1,75.8114,15.4025,40.44,47.71,16.62,34.9
0,74.6628,15.0972,39.93,48.17,16.55,33.89
0,75.0271,15.1203,39.75,47.67,16.37,35.82
0,75.4314,15.2175,39.96,47.7,16.69,36.3
0,77.1157,15.3701,41.25,48.26,17.21,36.62
0,77.3414,15.5505,41.29,47.94,17.21,37.1
1,77.4828,15.421,41.44,47.66,17.35,36.02
0,76.8228,14.9399,41.15,47.54,17.28,37.31
1,77.0328,14.9353,40.43,47.66,17.15,36.64
0,76.9028,14.8891,39.79,47.63,17.085,37.24
0,77.145,14.8752,39.74,46.98,17.28,37.63
1,78.0743,15.1573,40.48,47.4,17.38,38.31
1,77.3571,14.7179,40.66,47.02,17.49,38.21
1,76.9171,14.8104,40.34,46.81,17.62,37.82
1,75.99,14.7226,40.72,47.3,18.03,37.96
0,75.6985,14.5699,39.25,46.41,17.44,37.43
1,76.0371,14.1536,39.47,46.63,17.16,38.58
0,75.1285,13.89,38.26,46.32,17.14,39.43
0,75.3857,13.5292,37.9,46.22,16.98,39.49
0,75.5414,13.3534,37.651,45.84,17.08,38.79
1,76.7771,13.7096,38.42,46.35,17.34,39.47
0,76.3585,13.7882,37.8,46.57,17.18,39.35
1,76.4928,13.8761,37.87,46.73,17.51,40.12
0,75.48,13.8992,37.99,46.79,17.27,40.67
0,75.87,13.9917,38.28,47.41,17.54,40.76
1,76.1128,13.8715,38.14,47.46,17.42,39.97
0,75.8457,13.9316,38.25,47.82,16.79,39.34
1,75.8571,13.8437,38.2,47.54,16.48,39.55
0,74.7743,13.5338,37.92,47.3,16.3,37.93
1,75.5828,13.8021,37.98,47.45,16.49,38.5
0,73.8771,13.7466,37.45,46.34,16.27,38.29
0,74.8014,13.8345,37.58,46.09,16.36,39.04
1,75.6257,13.7929,37.61,46.42,16.5,38.97
0,74.7357,13.7189,37.69,47.02,16.3,38.8
0,76.1133,14.1629,37.94,47.55,16.29,39.43
0,76.1414,13.5616,37.57,46.81,16.22,39.42
0,77.8214,13.6125,37.22,45.74,16.38,39.2
1,78,13.8761,37.63,46.47,16.7,38.91
1,77.4957,13.8114,37.39,47.14,16.74,38.6
0,76.38,13.557,37.33,47.24,16.645,38.46
1,76.7071,13.5801,37.35,47.44,16.87,38.34
1,75.8014,13.3581,36.88,47.04,16.725,37.51
0,74.0943,13.4182,36.63,46.81,16.71,37.61
1,74.4828,13.2748,36.32,46.89,16.82,38
1,72.8657,13.0574,35.8,46.62,16.45,38.37
1,72.3657,13.0297,36.29,46.73,16.31,37.3
1,72.2643,13.0158,36.97,46.29,16.49,37.1
1,71.8014,13.4413,37.74,48.02,16.77,38.16
0,70.74,13.3858,36.95,47.1,16.72,37.9
0,71.7914,13.483,36.79,47.77,16.81,37.4
0,71.9928,13.3766,35.98,47,16.55,37.42
0,72.68,13.2147,36.12,47.67,16.45,37.2
0,78.5814,13.1962,36.87,47.71,16.37,37.83
1,79.1428,13.4321,37.45,47.61,16.67,38.31
0,78.5628,13.6078,36.09,47.06,17.07,39.31
1,78.7021,13.705,36.26,47.44,17.08,39.35
0,77.2843,13.7836,36.82,48.84,17.08,39.79
0,78.7828,13.7605,36.83,48.66,17.2,39.95
1,79.2714,13.6448,36.69,48.26,17.09,39.38
1,79.0743,13.3673,35.9,47.35,17.23,39.89
1,76.8885,13.0065,34.73,47.04,16.54,39.32
0,75.7014,12.8169,35.99,47.65,16.79,39.72
0,77.1185,12.8262,35.9,47.84,16.75,40.24
1,78.1143,12.7521,35.88,48.43,16.67,40.48
0,76.9728,13.0343,36,48.69,16.67,40.7
1,77.76,13.1499,36.325,49.12,16.77,40.11
0,76.7785,13.0898,36.85,48.77,16.625,39.69
0,78.98,12.8169,37.2,49.33,16.27,39.29
1,79.3828,12.8955,37.35,49.08,15.69,39.89
0,79.1671,12.914,37.4,49,15.6,39.96
0,79.6371,13.062,37.22,49.05,15.64,39.81
0,80.5457,13.1499,37.58,49.29,15.67,39.97
0,81.1571,13.0435,37.2,49.02,15.735,40.12
1,81.4128,12.951,36.72,48.61,15.72,39.72
1,81.1428,12.9464,36.81,48.375,15.72,39.37
0,77.9185,12.988,36.2,48.51,15.75,39.6
0,78.5,12.7429,36.51,48.18,15.66,39.45
0,78.5285,12.6596,36.36,47.83,15.28,39.25
1,79.4014,12.7383,36.94,48.07,15.24,38.72
0,79.2885,12.3682,36.73,48.34,15.22,38.73
1,80.4071,12.3359,37.42,48.11,15.275,38.96
0,80.306,12.5116,37.64,48.49,15.26,38.74
1,81,12.4191,38.06,49,15.55,38.78
1,80.5114,12.4885,38.61,49.49,15.52,38.82
0,80.1286,12.7706,38.56,49.07,15.62,39.01
0,80.8271,12.7706,38.42,49.25,15.61,39.27
1,81.8071,13.0204,38.85,49.18,15.61,39.58
1,80.7857,12.9742,38.21,49.32,15.39,38.99
1,79.7571,12.5949,38.14,49.27,15.64,39.22
1,79.7143,12.5995,38.09,49.66,15.84,39.47
1,78.4971,12.507,37.82,50.04,15.835,38.79
1,76.6157,12.4052,37.57,50.14,15.87,38.83
1,74.8743,11.6606,37.57,50.08,15.835,39.26
1,74.4314,11.7161,37.93,50.29,15.67,39.61
1,74.2171,11.5634,37.525,50.3,15.695,39
0,73.9428,11.6559,37.27,50.6,15.22,38.74
1,74.1757,11.5496,36.92,50.79,15.25,38.15
0,74.1471,11.6698,36.85,50.83,14.975,37
0,74.9985,11.7114,37.35,50.35,14.975,37.17
1,75.2257,11.6328,37.95,50.16,14.79,37.19
1,74.6871,11.9103,37.87,50.09,14.675,36.34
1,74,12.0907,36.98,49.88,14.255,35.55
0,73.9528,12.1138,37.38,50.01,14.33,35.9
1,74.2843,11.9797,37.69,50.12,14.27,35.83
0,73.5114,11.8317,37.67,50.06,13.86,35.25
0,74.2257,11.8687,37.96,50.55,14,35.66
0,74.8785,11.8271,37.24,50.38,13.99,35.45
1,74.94,11.8918,35.79,50.81,13.99,35.19
0,74.4428,11.9982,35.59,50.92,14.09,35.48
0,74.86,11.3322,35.67,50.79,13.995,35.42
1,75,11.161,35.66,50.49,14.135,35.54
0,74.23,11.0361,35.53,51.39,14.19,35.94
1,76.61,11.0824,35.63,50.62,14.26,35.79
0,75.5771,11.0963,35.61,50.69,14.29,35.69
1,75.9021,11.1379,35.88,50.33,14.15,35.53
1,75,10.9991,33.82,51.04,14.12,35.53
0,74.1428,11.0269,34.35,51.03,14.45,33.75
1,75.2007,10.9066,35.02,50.56,14.55,33.83
1,73.11,10.8789,34.98,50.01,14.53,34.1
1,72.2843,10.8835,34.82,49.36,14.68,34.21
0,71.4257,10.6985,34.45,48.57,14.445,33.49
1,71.5414,10.606,34.6,46.6,14.32,33.61
1,71.0721,10.5736,34.67,46.8,14.39,33.54
1,69.9757,10.4626,33.9,46.79,14.06,33.01
0,69.57,10.3562,33.68,46.81,14.24,32.87
1,70.1886,10.6453,33.31,46.65,14.03,32.26
0,69.2343,9.6069,33.07,46.21,13.72,31.95
1,69.9914,9.6624,33.31,46.72,13.83,32.29
1,69.5086,9.7133,33.6,46.88,13.91,32.66
0,69.1228,9.6855,33.69,47.05,14.02,32.35
1,70.0728,9.8937,33.88,46.68,14.07,32.22
1,69.3757,9.852,33.36,46.84,13.81,32.3
1,68.35,9.6902,33.35,46.62,13.85,32.1
0,68.1786,9.6855,33,46.57,13.685,31.87
0,69.1114,9.815,32.88,47.42,13.99,32.3
0,69.4286,9.8382,32.64,47.05,14.19,32.05
0,69.8857,9.8382,32.49,47.3,14.12,32.2
0,70.6971,9.8243,32.87,47.69,14.18,32.13
1,70.8714,9.8104,32.54,47.71,14.31,31.91
1,68.2857,9.9075,33.41,48.59,14.655,32.09
1,67.2428,10.1342,33.48,48.62,14.8,31.75
1,66.1686,9.9538,32.99,48.51,14.53,31.46
0,63.9943,10.0972,33.42,48.47,14.53,31.41
0,65.8571,10.31,33.38,48.31,14.61,31.55
1,67.0486,10.1573,32.77,47.8,14.46,31.25
1,66.9286,10.2729,32.72,46.6,14.65,31.13
0,66.7157,10.3192,32.57,46.49,14.56,30.73
1,72.3143,10.2082,31.9,45.96,14.52,30.8
1,72.1428,10.3285,31.221,46.35,14.41,30.57
0,71.2057,10.31,31.31,47.01,14.47,30.44
1,71.4643,10.3007,31.1,47.11,14.41,29.96
1,71.3657,10.3423,31.39,45.71,14.215,29.78
1,70.4428,10.4025,31.75,45.52,14.3,30.35
1,70.2857,10.3747,33.37,47.83,14.23,30.25
1,70.2357,10.421,32.93,48.62,14.14,29.74
0,69.4286,10.1897,33.39,46.88,14.07,30.01
0,71.1428,10.2036,33.515,46.58,14.26,30.38
0,71.5357,10.3423,34.4,47.53,14.53,30.91
0,71.8957,10.2776,35.17,47.02,14.59,30.7
1,72.14,10.7309,32.185,47.45,14.47,31.6
0,71.9414,11.9936,31.61,47.79,14.26,31.87
1,72.8157,11.9658,31.44,47.54,14.18,30.76
1,72.0485,12.1647,31.76,47.55,14.37,30.76
1,71.45,12.0028,31.79,48.29,14.29,31.07
0,70.9171,12.3775,32,48.66,14.46,31.67
1,71.1257,12.6134,32.14,49.1,14.55,31.85
1,67.2771,12.4978,32.51,49.64,14.47,31.9
0,65.2657,12.3359,32.46,49.28,14.355,31.9
0,65.52,12.3636,32.77,49.7,14.56,32.27
1,66.265,12.4376,32.24,50.06,14.675,32.37
0,66.2571,12.1925,31.54,49.93,14.43,32.49
1,66.86,12.5301,31.55,50.19,14.74,32.67
1,66.3843,12.3729,31.9,50.11,14.77,32.79
1,65.43,12.1508,31.69,49.83,14.88,33.14
1,65.1076,11.9288,32.06,50.05,14.845,32.7
1,64.9986,11.9335,31.97,50.27,14.58,32.34
1,64.28,11.9196,31.78,51.94,14.58,32.07
1,62.9714,12.0075,31.47,51.03,14.65,32.78
0,62.1857,12.0306,31.26,50.74,14.7,32.95
1,62.9571,12.0445,31.62,50.29,14.62,32.76
1,62.7043,11.9473,32.035,50.16,15,33.89
0,60.8571,11.8502,31.91,50.33,14.98,33.65
0,61.3514,11.6791,31.7,49.84,14.74,34.09
0,61.8714,12.0398,32.4,50.05,14.76,34.08
1,61.9114,12.137,35.72,50,14.4,33.77
1,61.3857,12.1555,36.34,50.62,14.055,33.86
1,60.9314,12.2156,36.01,49.75,13.93,34.1
0,60.7157,12.1786,35.66,50.2,13.93,34.33
1,61.0928,12.2064,35.58,51.25,13.54,34.25
1,60.4214,12.1323,35,51,13.54,33.6
1,59.9428,12.063,34.34,50.94,13.51,33.31
0,59.0857,11.8178,34.58,51.5,13.37,33.34
0,60.0157,11.8918,34.35,51.1,13.11,33.39
0,60.0557,11.6976,34.09,51.3,12.99,32.76
1,60.1228,11.5079,33.66,50.56,12.82,32.86
1,58.5657,11.5125,34.41,50.36,12.95,33.24
1,57.5271,11.5403,34.75,50.29,12.95,32.95
0,55.9086,11.3553,34.38,50.93,12.97,32.78
0,57.0357,11.1518,34.52,50.96,12.84,32.67
0,57.7,11.1888,34.12,50.8,12.84,32.71
0,57.9571,10.9714,34.08,49.43,12.61,31.99
0,58.2,11.0731,32.94,49.05,12.4,32.42
0,59.7843,11.5357,33.66,49.43,12.99,33.04
0,59.9,11.8502,34.26,49.69,13.08,32.51
0,61.6286,11.7531,34.96,51.31,13.285,33.1
1,61.6514,11.6421,34.97,50.83,13.215,32.98
0,61.6343,11.5079,34.69,51.45,13.17,32.86
1,62.2,11.531,34.55,50.591,13.23,32.66
0,61.7857,11.4617,34.99,49.89,13,31.2
1,62.7857,11.42,35.14,50.47,13.24,32.17
0,62.2486,11.2258,35.05,50.22,13.11,32.47
1,63.5328,11.4062,35.51,50.87,13.49,33
0,62.3571,11.2535,35.25,50.17,13.33,32.18
0,63.6386,11.1934,34.84,48.3,13.075,31.14
0,63.6643,11.3553,34.6,48.91,13.285,31.02
1,64.7457,11.4894,35.62,48.66,13.51,31.18
0,64.39,11.3137,34.92,48.43,13.69,31.46
1,64.6428,11.6328,34.82,48.9,13.91,32.12
1,63.6643,11.6467,34.85,49.48,13.5,31.53
0,62.8571,11.3044,34.74,50.27,13.31,31.5
1,64.2714,11.2859,34.42,51.77,13.49,31.21
1,62.9786,11.3692,33.92,51.59,13.17,30.78
0,62.2786,10.7355,34.23,51.07,12.93,30.71
1,63.4357,9.7919,34.79,51.9,13.485,30.39
1,62.5928,9.8197,35.1,52.68,13.525,31.25
0,61.7014,9.8243,34.73,53.29,13.39,31.2
1,62.7214,9.8937,34.13,53.47,13.5,30.78
0,60.4628,9.6717,33.64,53.54,13.41,31
0,62.7371,9.9122,33.45,53.15,13.29,30.89
1,64.8357,9.8659,32.86,52.5,13.04,30.43
0,64.5014,9.9214,32.61,52.83,12.98,30.49
0,65.4243,9.8428,32.67,52.79,12.94,30.18
1,65.6871,9.7318,32.85,53.02,13.05,30.5
0,65.5771,9.4681,33.067,52.83,12.85,30.22
1,66.4243,9.5884,33.65,52.22,12.92,30.21
1,65.1014,9.556,33.42,52.57,12.39,30.53
1,64.4728,9.5421,33.23,52.92,12.36,30.16
0,63.1114,9.4496,32.63,52.49,12.17,29.28
1,63.4943,9.4728,32.93,53.77,12.2,29.34
1,62.1571,9.5051,32.56,53.51,12.39,29.01
1,60.0643,9.2692,31.8,53.65,12.45,29.02
0,58.5443,9.0935,31.9,53.25,12.34,28.77
1,58.7464,9.2137,31.71,52.48,12.39,28.37
0,56.22,9.0287,30.62,52,12.135,28.42
1,57.7128,9.1351,30.7,52.35,11.92,28.24
1,56.0914,9.1074,30.3,52.2,11.68,27.93
0,55.4243,9.0611,29.62,51.31,11.56,28.04
0,57.8557,9.4959,28.95,51.05,11.61,28.5
0,60.0386,9.6531,28.85,50.21,11.91,28.16
0,60.2243,9.6115,28.9,50.8,12.21,28.69
0,61,9.6069,28.65,50.66,12.19,29
1,62.0214,9.6115,28.85,50.49,12.145,29.11
1,61.96,9.7087,29.1,49.81,12.31,28.98
1,61.1571,10.2544,29.57,49.47,12.31,28.71
1,60.9086,10.1666,28.73,49.52,12.25,29.09
1,60.6928,10.1989,28.73,48.99,12,28.77
0,60.6428,10.1712,28.22,49.05,11.67,28.36
1,61.9657,10.1157,28.39,49,11.81,28.39
1,61.6243,10.1342,28.75,49.43,12.115,28.01
0,61.0857,10.3377,28.59,49.53,12.24,30.11
0,63.1286,10.976,28.64,49.06,12.15,32.28
0,64.26,10.8696,28.32,48.99,12.24,32.29
0,65.2086,10.8326,28.14,49.31,12.14,32.16
1,66.4914,10.7216,28.24,49.38,12.45,32.29
1,66.3843,10.6754,28.3,49.19,12.68,32.44
1,64.94,10.3238,28.19,48.93,12.62,32.19
0,64.3171,10.5181,28.11,48.33,12.71,31.86
0,65.3457,10.6985,28.34,49.06,12.785,32.06
1,65.6428,10.5505,28.12,48.9,12.79,32.34
1,63.0643,10.2915,27.88,47.96,12.29,32.17
1,62.5614,10.1573,28.03,48.19,12.52,32.77
1,61.8328,9.8613,28,48.17,12.12,32.2
0,61.2071,9.889,27.87,48.37,12.04,32.11
1,62.2286,9.7133,27.84,47.71,12.11,32.05
0,61.3928,9.6254,27.94,47.86,12.08,32.01
1,61.4,9.7688,28.25,47.72,12.42,32.23
0,60.6428,9.6809,28.11,47.4,12,32.3
1,62.0728,9.5098,28.21,47.8,11.77,32.45
0,60.2114,9.2877,28.29,47.4,11.56,32.08
0,61.1143,9.2831,27.85,46.7,11.27,31.44
0,62.5714,9.2739,27.72,46.22,11.13,31.6
0,63.4357,9.1027,27.88,46.35,11.325,31.8
1,64.0614,9.1721,27.42,46.13,11.15,31.25
0,63.4028,8.8483,27.38,45.92,11.12,31.14
1,64.8357,8.8853,27.97,45.5,11.6,31.52
1,64.1786,8.4228,27.68,45.23,11.62,31.04
0,63.7143,7.6827,27.74,44.73,11.725,31.03
0,65.3843,7.8678,28.13,44.35,12.18,31.38
0,65.8714,7.7938,27.88,44.26,12.1,31.24
1,66.9786,7.914,28.04,44.39,12.205,30.56
0,66.36,7.877,27.92,44.55,12.09,31.51
0,66.7443,7.9001,27.93,44.54,12.35,30.44
1,68.5014,7.7891,27.88,44.37,11.87,31.33
1,68.0714,7.7984,27.65,44.3,11.73,29.49
1,67.7143,7.6087,27.35,44.51,11.86,29.4
1,66.1786,7.6966,27.35,44.64,11.97,28.97
1,65.21,7.8678,27.38,44.29,11.73,28.64
0,63.4357,7.433,27.62,44.71,11.59,28.59
0,64.8443,7.544,27.87,44.25,11.58,28.57
1,65.5871,7.7105,27.67,44.2,11.41,28.62
0,65.2828,7.5764,27.79,43.5,11.32,27.78
0,65.2857,7.6365,28.01,43.38,11.49,27.83
1,65.5,7.803,27.82,42.82,11.42,27.71
0,62.5464,7.8724,28.01,42.77,11.64,27.63
0,64.5271,7.9048,27.58,42.71,11.69,27.7
0,65.7143,7.8446,27.7,42.84,11.45,27.39
1,72.6871,8.0158,27.2,43.04,11.38,27.48
1,72.08,7.9556,27.3,43,11.12,27.2
0,71.2166,7.7984,27.1,42.2,11.26,27.13
1,72.9014,7.9788,27.19,41.66,11.69,26.96
0,70.6628,7.6319,27.15,41.91,11.58,26.7
0,71.1857,7.7799,26.83,42.46,11.38,26.72
0,71.8114,7.6087,26.9,42.92,11.61,26.61
0,74.4285,7.6226,26.49,43.73,11.7,26.48
1,75.5071,7.4052,26.65,43.22,11.61,26.5
0,74.6428,7.2295,26.72,42.84,11.87,26.01
1,75.6014,7.0491,26.75,44.03,12.09,26.18
0,74.5714,7.0259,26.77,44.25,12.15,26.47
0,76.7093,7.0583,27.27,44.04,11.97,26.31
0,78.2685,6.9982,27.63,44.36,12.01,25.75
1,79.1171,6.8594,27.25,44.49,12.05,25.41
1,72.9328,6.3136,26.59,42.53,11.37,24.88
0,72.8985,6.4293,26.71,43.24,11.32,24.88
0,73.3628,6.5356,26.89,43.39,11.66,25.21
0,74.1428,6.5125,27.03,43.54,11.29,25.27
1,74.3357,6.6097,27.2,43.26,11.27,25.59
0,73.21,6.5773,27.45,43.55,11.2,25.84
0,75.7143,6.6605,27.36,43.4,11.1,26.75
1,75.9243,6.7438,27.69,43.9,11.4,25.09
1,75,6.5542,27.25,44.12,11.24,24.61
0,72.7043,6.8085,26.79,44.25,10.645,24.33
0,73.5357,6.7068,27.11,44.42,10.545,23.96
0,75.8785,6.7392,27.32,44.84,10.59,24.18
1,78.2528,6.642,27.53,44.59,10.59,23.5
1,77.11,6.6143,27.05,44.09,10.64,23.64
0,75,6.4061,26.56,44.44,10.6,23.75
1,79.0571,6.4293,26.82,44.4,10.56,23.81
0,75.5628,6.4339,26.81,44.18,10.51,23.67
0,81.2728,6.2489,26.38,43.66,9.97,24.19
0,83.1143,6.013,26.5,43.85,9.79,23.89
1,84.8071,6.0916,26.78,44.47,9.93,24.34
0,83.8271,5.976,27.05,44.16,9.78,24.24
1,84.3164,5.9112,27.11,43.73,9.84,24
0,82.4671,5.7262,27.01,42.79,9.56,23.46
1,84.2214,5.8973,27.3599,43.16,9.89,23.48
1,82.2714,5.7355,27.54,43.43,9.82,23.72
1,81.0243,5.5551,27.23,43.3,9.835,23.34
0,80.6071,5.3886,26.71,42.96,9.67,23.15
1,81.7014,5.3839,26.76,42.7,9.465,23.25
1,77.2443,5.9991,26.8,41.83,9.36,23.21
0,75.0285,6.05,26.67,41.66,9.12,23.08
0,76.79,6.0731,26.88,42.19,9.03,22.79
1,77.9285,6.087,27.24,42.56,9.38,23.2
0,76.9871,6.1702,27.02,42.47,9.31,23.35
1,79.1643,6.3136,28.94,42.65,9.5,23.66
0,77.2028,6.383,28.88,42.28,9.295,23.52
0,80.09,6.3738,29.12,43.21,9.49,23.75
0,81.9764,6.6235,29.53,43.86,9.63,24.1
1,84.3185,6.4848,29.82,44.28,9.825,24.33
0,83.3593,6.3275,29.62,44.45,9.83,23.9
0,85.1271,6.531,29.59,44.98,9.87,24.28
1,85.46,6.42,28.84,44.91,9.34,23.89
0,84.9828,6.5588,28.55,44.97,9.2,23.99
0,87.0614,6.5403,27.86,44.17,9.165,23.89
0,88.5714,6.5449,28.19,44.58,9.365,23.6
0,88.7771,6.6328,28.16,44.06,9.45,24.22
1,90.1428,6.6837,27.765,44.4,9.44,23.85
0,87.4885,6.6652,28.73,45.02,9.47,24.07
0,90.15,6.8363,29.05,45.97,9.42,24.43
0,91.37,6.8132,29.65,44.94,9.38,24.42
1,92.6957,6.753,29.3,44.15,9.42,24.04
1,90.7671,6.7114,29.45,44.56,9.53,23.81
1,90.3357,6.679,29.37,44.48,9.235,23.28
0,89.9371,6.5912,28.97,45.27,9.16,23.46
1,92.3571,6.5773,29.215,45.95,9.39,23.79
1,91.3914,6.6097,29.15,46.07,9.19,23.46
0,91.2357,6.6605,29.68,46.56,9.325,23.46
0,92.4114,6.7392,29.64,47.01,9.16,23.45
0,95.0285,6.8964,30.23,46.93,9.56,23.82
1,95.8928,6.7993,29.97,46.41,9.2,23.38
1,94.98,7.9695,29.75,45.98,8.975,23.33
0,94.5443,8.0158,29.68,45.97,9.1,23.64
0,95.88,7.9556,29.81,45.64,8.87,23.38
1,96.9643,7.9418,30.18,45.63,8.89,23.26
0,94.8985,7.7752,30.17,45.8,8.935,23.12
0,95.5343,7.7197,30.28,45.62,8.855,23.19
1,98.3228,7.9649,30.95,45.88,9.165,23.87
0,98.1228,8.0759,31,45.8,8.99,23.65
1,100.3443,8.2887,31.43,45.72,9.35,23.86
0,99.88,8.2979,30.95,45,9.14,23.9
1,100.0371,8.5199,31.09,45,9.33,23.6
1,99.9828,8.358,31.1,44.68,9.16,23.97
1,99.9071,8.4367,31.19,44.44,9.39,24.4
1,98.565,8.4598,31.01,45.23,9.6,24.26
1,96.7671,8.3395,30.89,44.85,8.89,23.77
1,95.2643,8.3395,30.94,44.29,9.15,23.55
0,95.0157,8.1129,30.69,44.18,8.63,23.52
1,97.2071,8.0435,30.83,43.79,8.835,23.61
1,96.8643,8.0065,31.04,44.1,8.465,23.76
0,96.1671,8.0343,30.5,44.08,8.035,23.43
1,96.51,7.8308,30.22,43.63,7.99,23.29
0,95.1085,7.7799,30.45,42.91,8,22.79
0,95.3214,7.8076,30.6,42.99,8,22.81
0,95.8057,7.803,30.53,42.95,7.95,22.81
1,96.4643,7.7984,30.652,42.72,7.98,23.15
0,96.4253,7.9233,30.7,42.69,8.04,22.86
1,97.1414,8.1638,30.93,43.1,8.2,22.92
0,94.2157,8.1638,30.25,42.21,8.12,22.76
1,95.1585,8.3465,30.39,42.54,8.22,23.12
0,93.4885,9.0195,30.59,42.78,8.14,23.63
1,95.8314,9.3525,30.76,43.71,8.25,23.67
1,92.8585,9.0426,30.82,43.93,7.98,23.65
1,91.4285,9.0287,30.92,44.19,7.97,23.45
0,90.1728,8.9871,30.361,44.11,7.89,23.22
0,90.1857,8.9223,30.11,44.15,7.75,23.14
1,90.2671,9.1397,30.3,44.34,7.78,23.43
1,89.0557,9.1074,30.35,44.44,7.72,23.38
1,88.3871,8.927,30.5,44.13,7.66,23.2
0,88.2643,8.9732,30.39,44.18,7.68,23.22
0,88.4843,9.0102,30.21,44.33,7.58,23.19
1,88.9671,8.5847,30.07,44.8,7.71,23.31
1,88.1843,8.4598,30,44.65,7.45,23.07
1,87.6614,8.247,29.53,45.13,7.3,23.07
0,86.12,8.1453,29.21,45.07,7.12,22.67
1,87.9864,8.4691,29.59,45.43,7.35,22.85
1,86.1757,8.3904,29.48,44.9,7.28,22.96
1,84.4171,8.5338,29.75,44.71,7.28,23.23
0,82.1443,8.3997,29.48,44.66,7.2,23.43
1,82.8228,8.3488,29.23,44.24,7.22,23.27
0,82.0657,8.358,29.24,43.88,7.11,22.8
1,86.7685,8.4367,29.24,44.37,7.16,22.11
0,84.9143,8.5014,29.57,44.21,6.94,22.05
1,87.5757,8.7743,31,44.15,7.205,22.56
1,87.3257,8.9131,30.51,45.05,7.56,22.92
0,86.6557,8.7096,29.6,45.44,7.88,22.68
1,87.2557,8.7697,29.64,45.4,7.92,22.81
1,86.4457,8.7281,29.48,45.12,7.925,22.53
1,86.1357,8.8761,28.76,44.73,7.56,22.05
0,85.7485,8.927,29.15,44.65,7.53,21.89
0,86.5885,8.8345,29.71,44.74,7.49,21.68
1,88.2814,8.964,30.08,44.9,7.65,21.95
0,86.4714,9.0333,30.12,44.45,7.63,22.09
1,86.7271,9.2276,30.61,44.26,7.69,22.35
1,85.7943,9.3756,30.59,44.95,8.03,22.66
1,84.9828,9.2137,30.23,44.98,8.06,22.85
1,83.5328,9.3016,30.62,44.29,8.2,22.78
1,82.5714,9.1814,30.45,44.42,8,22.28
0,81.6671,8.9408,29.98,43.84,7.62,21.47
1,82.1428,8.9547,30.19,43.93,7.68,21.38
0,81.6185,9.0426,30,43.74,7.65,21.35
0,82.4714,9.334,30.3,43.61,7.735,21.44
0,82.72,9.4265,30.3,43.61,7.965,21.58
0,83.6343,9.7503,30.96,43.34,8.11,22.34
1,84.03,9.6439,30.93,43.61,8.16,22.15
1,83.3428,9.7919,30.19,43.99,7.88,21.82
0,81.5657,9.9445,29.99,43.52,7.77,21.44
0,81.5714,10.0509,29.59,43.9,7.72,21.27
0,81.6057,9.9353,29.33,43.13,7.52,21.38
1,82.0743,9.9492,29.22,42.83,7.4,21.45
0,82.0657,9.9307,29.1,42.67,7.32,21.55
1,83.96,10.3423,29.73,42.61,7.72,22.12
0,81.6571,10.2313,29.21,41.69,7.35,22.17
1,82.47,10.4071,29.64,41.8,7.81,22.19
1,81.11,10.0371,28.88,41.28,7.24,21.95
0,80.1814,9.7595,28.51,41.26,6.91,21.37
0,80.2143,9.8474,28.62,41,7.1,21.35
0,81.3085,10.1157,28.76,41.52,7.12,21.49
1,82.9628,10.5505,29.3,41.43,7.21,21.88
0,81.3143,10.4348,29.35,41.48,7.33,22.05
1,81.5571,10.3516,29.38,41.65,7.28,22.28
0,80.6557,9.9307,29.2,41.46,7.07,21.84
1,82.2671,10.4626,29.16,41.31,7.26,21.89
0,79.6428,9.7827,29.35,41.31,6.9,21.8
1,81.3643,10.1249,29.69,41.32,6.92,22.77
1,76.3571,9.9075,29.1,41.69,7.03,21.6
0,76.28,10.2267,29.79,41.61,7.01,23.14
0,77.9014,10.1897,29.99,40.81,7.1,23.09
0,79.15,10.3886,30.31,41.12,7.4,23.86
0,80.2071,10.6245,30.64,40.78,7.37,23.48
0,80.3671,10.6384,30.82,40.92,7.37,23.14
0,80.7143,10.7956,30.69,40.82,7.48,23.42
1,82.0828,10.7725,30.86,40.56,7.91,24.2
0,80.5285,10.6846,30.19,40.28,7.67,23.36
1,81.3685,10.9344,30.48,40.46,7.87,23.23
0,80.2143,11.1888,30.7,40.06,7.71,23.48
0,82.44,11.2767,31.45,40.53,7.9,23.52
1,84.3571,11.6791,31.88,40.31,8.175,24.12
0,82.8914,11.5912,31.85,40.5,8.21,24.32
0,83.5571,11.4385,32.05,40.44,8.11,24.51
0,85.4,11.4062,31.98,40.09,8.22,25.07
0,86.4385,11.5172,32.12,40.15,8.34,25.2
0,87.7528,11.4478,32.12,39.47,8.19,24.96
1,87.9478,11.3877,31.92,39.44,8.3,25.01
0,80.3728,11.235,32.21,38.69,8.25,25
0,81.5157,11.2212,32.31,38.45,8.02,24.73
0,84.4828,11.457,32.15,38.24,8.78,24.81
0,85.7457,11.4987,31.13,38.12,9.16,24.73
1,87.6743,11.3599,31.28,37.53,8.88,24.62
0,82.7057,11.2859,31.27,37.65,8.965,24.6
0,87.1514,11.4617,30.99,37.33,8.87,24.72
0,89.1585,11.531,30.89,37.45,9.08,24.82
0,89.2857,11.0963,30.48,37.41,8.93,24.71
0,90.8857,10.8742,30.43,37.04,8.78,24.89
1,91.4185,10.717,31.06,37.41,8.97,25.17
0,89.4471,10.5875,31.22,37.36,9.04,25.12
1,89.5685,10.7077,31.15,37.91,9.14,25.07
0,89.1928,10.7401,31.66,38.42,9.35,25.44
1,89.6143,11.0223,32.16,38.45,9.67,25.84
0,85.9757,11.0454,32.22,38.29,9.54,25.82
0,86.9671,10.9298,32.4,38.32,9.61,25.94
0,87.54,10.828,32.06,38.11,9.63,26.23
1,88.34,10.9621,32.52,38.41,9.62,26.54
1,86.5971,11.0824,32.65,39.27,9.865,27.21
0,85.6843,11.0361,32.19,39.5,10.01,26.89
1,85.7843,10.68,32.1,39.66,9.47,26.8
0,85.3971,10.7124,31.81,39.54,9.66,26.62
1,86.1057,11.1471,31.96,39.69,9.96,26.82
1,85.6443,11.2674,32.1,39.51,9.63,26.7
1,85.4814,11.346,32.535,39.46,9.78,26.74
0,83.5314,11.2212,32.91,39.62,9.41,26.85
1,85.6585,11.1564,32.79,39.5,8.98,26.56
1,82.5785,11.2258,32.53,39.42,8.66,26.73
1,79.6485,11.1333,32.24,39.33,8.07,25.95
1,78.426,11.087,31.97,39.11,8.01,26.08
1,77.7443,11.3738,32.1,39.31,8.115,25.99
0,76.3843,11.3044,32.04,39.18,8.07,25.84
1,76.6857,11.2073,31.67,38.74,7.81,25.53
0,74.8085,11.3692,31.54,38.67,7.78,25.87
1,77.9171,11.6467,32.01,38.65,8.09,26.16
0,77.7485,11.6791,32.31,38.48,8.11,26.36
1,78.31,11.7253,31.93,38.12,8.09,26.39
1,77.3657,12.1323,31.885,38.15,8.16,26.75
1,75.4228,12.1138,31.41,38.09,8.05,26.83
1,74.4728,12.174,31.24,38.07,7.79,26.46
1,74.2385,12.4885,31.48,38.16,8.05,26.31
1,73.5828,12.766,31.2,38.08,7.97,26.26
1,73.2971,13.483,31.45,38.5,8.06,26.48
1,72.4114,13.6541,31.18,38.61,8.025,26.76
1,71.8728,13.853,31.2,38.29,8.04,26.77
0,70.2143,13.3858,30.31,37.77,7.71,26.13
1,73.4657,13.6263,30.33,38.1,8.01,26.49
1,72.0943,13.2748,30.33,38.03,8.15,26.25
1,71.3614,13.3534,30.63,37.7801,8.27,26.22
1,70.1371,13.3673,30.64,37.7,8.05,25.67
1,68.68,13.5893,30.68,37.97,8.31,26.26
1,67.2143,13.3997,30.26,37.88,7.96,25.89
1,66.4643,13.2887,30.15,38.29,7.95,25.32
1,65.4828,13.4043,30.04,37.82,7.785,24.97
1,65.3286,13.3581,30.14,37.86,7.66,25.04
0,65.1286,13.2841,29.9,37.94,7.43,24.54
1,65.4871,13.0574,29.79,38.16,7.25,24.95
1,65.0843,13.0389,29.66,37.83,7.17,25.49
1,63.6728,12.6088,28.97,37.11,7.13,25.74
0,63.4771,12.7938,29.45,37.54,7.21,25.65
0,64.0514,13.0482,29.61,37.8,7.45,26.06
1,64.92,13.1407,29.07,37.83,7.2,25.65
1,60.7286,13.0574,29.47,38,7.11,25.44
0,60.3814,12.9233,29.55,38.9,7.13,25.43
0,61.07,12.544,28.82,39.02,6.95,25.1
1,61.45,12.4978,28.16,38.99,7.21,24.94
1,60.9943,12.211,28.31,38.93,6.5,24.57
1,60.6,12.3659,28.4,39.2,6.63,24.95
0,59.9571,12.3544,27.93,38.81,6.49,24.74
0,60.3257,12.3636,27.87,38.99,6.99,25.01
0,60.3828,12.2572,27.43,38.54,6.6,25.16
1,60.8443,12.3451,27.93,38.59,6.44,24.58
1,60.7857,12.2064,28.05,38.45,6.26,24.41
1,59.9671,12.2896,27.53,38.54,6.21,24.63
1,59.2786,12.174,27.38,39.18,5.75,24.36
1,58.5714,12.2665,26.82,39.78,5.71,24.69
1,58.4857,12.174,26.55,40.28,5.75,25.03
1,57.6443,11.8039,26,39.85,5.39,24.62
0,57.6286,11.6236,25.95,39.97,5.29,24.38
1,58.1271,11.8132,26.11,39.97,5.45,24.66
1,57.5857,11.8733,25.96,39.88,5.55,24.56
1,57.0986,11.9843,25.91,39.42,5.54,24.53
1,56.7143,11.8086,25.82,39.33,5.26,24.42
1,56.67,11.915,26.01,39.32,5.18,24.44
1,55.3943,11.8086,25.86,39.11,5.11,23.97
1,54.6386,12.0028,26.02,38.79,5.2,24.1
0,54.3371,12.1832,25.67,38.61,5.31,24.43
0,54.7614,12.322,25.72,38.49,5.33,24.49
0,55.2428,12.3174,25.72,38.26,5.24,24.18
1,56.1428,12.6781,25.75,38.46,5.56,24.96
0,55.9543,12.5209,25.41,38.24,5.59,25.17
1,56.1214,12.7706,25.52,38.09,5.67,25.01
1,55.9214,13.0297,25.48,38.15,5.84,25.47
0,55.7043,12.8909,25.67,38.34,5.73,25.89
0,56.0728,12.8308,25.81,38.13,5.74,26.1
1,56.2128,12.9418,25.78,38.07,5.86,26.41
1,55.69,13.1777,25.59,37.9,5.67,26.4
1,54.6486,12.692,25.56,37.68,5.37,26.07
1,54.47,12.692,25.37,37.26,5.4,26.13
1,53.6914,12.4931,24.82,36.46,5.19,25.26
1,53.1928,12.0213,24.94,36.29,5.5,25.32
0,52.6314,11.8409,24.38,35.34,5.16,24.6
1,53.5014,12.1601,24.61,36.04,5.3,24.75
1,53.0028,12.1462,24.89,36.17,5.52,25.11
0,52.9143,12.507,25.24,36.18,5.66,25.18
0,54.1314,12.8493,25.48,36.73,5.86,25.69
0,54.8543,12.877,26.01,36.7,5.98,25.75
1,55.6071,12.9927,26.47,37.03,6.09,26.15
0,54.4,12.5764,26.56,37.01,6.01,26.39
